<application>
  <component name="ProjectJdkTable">
    <jdk version="2">
      <name value="Python 3.6" />
      <type value="Python SDK" />
      <version value="Python 3.6.5" />
      <homePath value="C:\Users\sivac\Miniconda3\python.exe" />
      <roots>
        <classPath>
          <root type="composite">
            <root url="file://$USER_HOME$/Miniconda3/DLLs" type="simple" />
            <root url="file://$USER_HOME$/Miniconda3/Lib" type="simple" />
            <root url="file://$USER_HOME$/Miniconda3" type="simple" />
            <root url="file://$USER_HOME$/Miniconda3/Lib/site-packages" type="simple" />
            <root url="file://$USER_HOME$/Miniconda3/Lib/site-packages/win32" type="simple" />
            <root url="file://$USER_HOME$/Miniconda3/Lib/site-packages/win32/lib" type="simple" />
            <root url="file://$USER_HOME$/Miniconda3/Lib/site-packages/pythonwin" type="simple" />
            <root url="file://$USER_HOME$/.PyCharmCE2018.3/system/python_stubs/-1311402984" type="simple" />
            <root url="file://$APPLICATION_HOME_DIR$/helpers/python-skeletons" type="simple" />
            <root url="file://$APPLICATION_HOME_DIR$/helpers/typeshed/stdlib/3" type="simple" />
            <root url="file://$APPLICATION_HOME_DIR$/helpers/typeshed/stdlib/2and3" type="simple" />
            <root url="file://$APPLICATION_HOME_DIR$/helpers/typeshed/third_party/3" type="simple" />
            <root url="file://$APPLICATION_HOME_DIR$/helpers/typeshed/third_party/2and3" type="simple" />
          </root>
        </classPath>
        <sourcePath>
          <root type="composite" />
        </sourcePath>
      </roots>
      <additional />
    </jdk>
    <jdk version="2">
      <name value="Python 3.7 (Python37_Virtual_Environment)" />
      <type value="Python SDK" />
      <version value="Python 3.7.0" />
      <homePath value="C:\Users\sivac\Documents\Python Projects\Python37_Virtual_Environment\Scripts\python.exe" />
      <roots>
        <classPath>
          <root type="composite">
            <root url="file://C:/Program Files/Python37/DLLs" type="simple" />
            <root url="file://C:/Program Files/Python37/Lib" type="simple" />
            <root url="file://C:/Program Files/Python37" type="simple" />
            <root url="file://$USER_HOME$/Documents/Python Projects/Python37_Virtual_Environment" type="simple" />
            <root url="file://$USER_HOME$/Documents/Python Projects/Python37_Virtual_Environment/Lib/site-packages" type="simple" />
            <root url="jar://$USER_HOME$/Documents/Python Projects/Python37_Virtual_Environment/Lib/site-packages/setuptools-39.1.0-py3.7.egg!/" type="simple" />
            <root url="file://$USER_HOME$/.PyCharmCE2018.3/system/python_stubs/672703682" type="simple" />
            <root url="file://$APPLICATION_HOME_DIR$/helpers/python-skeletons" type="simple" />
            <root url="file://$APPLICATION_HOME_DIR$/helpers/typeshed/stdlib/3" type="simple" />
            <root url="file://$APPLICATION_HOME_DIR$/helpers/typeshed/stdlib/2and3" type="simple" />
            <root url="file://$APPLICATION_HOME_DIR$/helpers/typeshed/third_party/3" type="simple" />
            <root url="file://$APPLICATION_HOME_DIR$/helpers/typeshed/third_party/2and3" type="simple" />
          </root>
        </classPath>
        <sourcePath>
          <root type="composite" />
        </sourcePath>
      </roots>
      <additional />
    </jdk>
  </component>
</application>