<application>
  <component name="NotificationConfiguration">
    <notification groupId="Docker: Dockerfile detection" shouldLog="false" />
    <notification groupId="External Executable Critical Failures" displayType="STICKY_BALLOON" shouldLog="false" />
    <notification groupId="File Watchers" shouldLog="false" />
    <notification groupId="JSCS Config Import" displayType="NONE" shouldLog="false" />
    <notification groupId="JSCS Messages" shouldLog="false" />
    <notification groupId="Platform and Plugin Updates" displayType="STICKY_BALLOON" shouldLog="false" />
    <notification groupId="Plugins Suggestion" displayType="STICKY_BALLOON" shouldLog="false" />
    <notification groupId="Power Save Mode" shouldLog="false" />
    <notification groupId="Project Startup Tasks Messages" displayType="NONE" shouldLog="false" />
    <notification groupId="System Health (minor)" displayType="NONE" shouldLog="false" />
    <notification groupId="Vcs Important Messages" displayType="STICKY_BALLOON" shouldLog="false" />
    <notification groupId="Vcs Messages" displayType="TOOL_WINDOW" shouldLog="false" />
    <notification groupId="Vcs Notifications" shouldLog="false" />
    <notification groupId="Vcs Silent Notifications" displayType="NONE" shouldLog="false" />
    <notification groupId="Web Deployment" shouldLog="false" />
  </component>
</application>