<application>
  <component name="NotRoamableUiSettings">
    <option name="editorAAType" value="Greyscale" />
  </component>
  <component name="PropertiesComponent">
    <property name="ColorChooser.RecentColors" value="159-174-187-255,,,119-128-141-255,,,60-71-129-255,,,26-161-194-255,,,148-157-170-255,,,102-109-122-255" />
    <property name="CommitChangeListDialog.DETAILS_SPLITTER_PROPORTION_2" value="0.64285713" />
    <property name="Copy.OpenInEditor" value="true" />
    <property name="Darcula.SavedEditorTheme" value="_@user_Darcula" />
    <property name="ExpandBeforeRunStepsPanel" value="true" />
    <property name="ExpandRunDashboardTypesPanel" value="false" />
    <property name="INSPECTION_FILTER_HISTORY" value="pep" />
    <property name="KEYMAP" value="exec" />
    <property name="PluginConfigurable.selectionTab" value="1" />
    <property name="PyCharm.InitialConfiguration" value="true" />
    <property name="PyCharm.InitialConfiguration.V2" value="true" />
    <property name="PyCharm.InitialConfiguration.V3" value="true" />
    <property name="PyCharm.InitialConfiguration.V4" value="true" />
    <property name="PyCharm.InitialConfiguration.V5" value="true" />
    <property name="PyCharm.InitialConfiguration.V6" value="true" />
    <property name="PyCharm.InitialConfiguration.V7" value="true" />
    <property name="PyCharm.initialConfigurationShown" value="true" />
    <property name="SettingsSearchHistory" value="insp&#10;local&#10;terminal&#10;color&#10;shortcut" />
    <property name="export.settings.path" value="C:\Users\sivac\Desktop\Sivai_PyCharm_Settings.zip" />
    <property name="file.chooser.recent.files" value="$USER_HOME$/Downloads/pycharm_settings.jar&#10;C:/Users/sivac/Documents/Python Projects/BigMartSalesPredictions&#10;C:/Users/sivac/Desktop/PyCharm Themes/Vim Desert.jar&#10;C:/Users/sivac/Desktop/PyCharm Themes/RealGithub.jar&#10;C:/Users/sivac/Desktop/PyCharm Themes/Peacock.jar&#10;C:/Users/sivac/Desktop/PyCharm Themes/OceanSunset.jar&#10;C:/Users/sivac/Desktop/PyCharm Themes/Mashup_Theme.jar&#10;C:/Users/sivac/Desktop/PyCharm Themes/Mint Midnight 2.0.jar&#10;C:/Users/sivac/Desktop/PyCharm Themes/Ladies Night 2.jar&#10;C:/Users/sivac/Desktop/PyCharm Themes/Dart Editor.jar&#10;C:/Users/sivac/Desktop/PyCharm Themes&#10;C:/Users/sivac/Desktop/PyCharm Themes/Atom One Dark.jar&#10;C:/Users/sivac/Desktop/PyCharm Themes/Wombat.jar&#10;C:/Users/sivac/Desktop/PyCharm Themes/nightowl-theme/lib/night-owl-1.3.7.jar&#10;C:/Users/sivac/Desktop/PyCharm Themes/Material Theme/lib/material-theme-jetbrains-3.7.0.jar&#10;C:/Users/sivac/Desktop/PyCharm Themes/rainglow.jar&#10;C:/Users/sivac/Documents/Python Projects/Introduction to Data Science Course&#10;C:/Users/sivac/Documents/Python Projects&#10;C:/Users/sivac/Documents/Python Projects/Introduction to Data Science Course/Basic Python for Data Science.py&#10;C:/Users/sivac/Documents/Python Projects/Introduction to Data Science Course/Course One" />
    <property name="file.gist.reindex.count" value="40801" />
    <property name="fileTypeChangedCounter" value="1" />
    <property name="lastTip" value="5" />
    <property name="org.intellij.images.editor.actions.BackgroundImageDialog#recent" value="" />
    <property name="plugins.preselection.path" value="$USER_HOME$/Desktop/PyCharm Themes" />
    <property name="selected.color.option.type" value="PY.KEYWORD_ARGUMENT" />
  </component>
  <component name="PyTestFrameworkService">
    <option name="SDK_TO_PYTEST">
      <map>
        <entry key="C:\Users\sivac\Documents\Python Projects\Python37_Virtual_Environment\Scripts\python.exe" value="false" />
      </map>
    </option>
    <option name="SDK_TO_NOSETEST">
      <map>
        <entry key="C:\Users\sivac\Documents\Python Projects\Python37_Virtual_Environment\Scripts\python.exe" value="false" />
      </map>
    </option>
    <option name="SDK_TO_TRIALTEST">
      <map>
        <entry key="C:\Users\sivac\Documents\Python Projects\Python37_Virtual_Environment\Scripts\python.exe" value="false" />
      </map>
    </option>
  </component>
</application>