<?xml version="1.0" encoding="UTF-8"?>
<scheme name="RealGithub" version="1" parent_scheme="Default">
	<option name="LINE_SPACING" value="1.0" />
	<option name="EDITOR_FONT_SIZE" value="12" />
	<option name="EDITOR_FONT_NAME" value="Menlo" />
	<colors>
		<option name="WHITESPACES" value="b7b7b7" />
		<option name="TEARLINE_COLOR" value="b7b7b7" />
		<option name="SELECTION_FOREGROUND" value="" />
		<option name="SELECTION_BACKGROUND" value="bcd5fa" />
		<option name="SELECTED_TEARLINE_COLOR" value="b7b7b7" />
		<option name="SELECTED_INDENT_GUIDE" value="b7b7b7" />
		<option name="RIGHT_MARGIN_COLOR" value="e5e5e5" />
		<option name="LINE_NUMBERS_COLOR" value="b7b7b7" />
		<option name="INDENT_GUIDE" value="e5e5e5" />
		<option name="GUTTER_BACKGROUND" value="ffffff" />
		<option name="CARET_ROW_COLOR" value="ffffcc" />
	</colors>
	<attributes>
		<option name="YAML_TEXT">
			<value>
				<option name="FOREGROUND" value="dd1144" />
			</value>
		</option>
		<option name="YAML_SCALAR_VALUE">
			<value>
				<option name="FOREGROUND" value="dd1144" />
			</value>
		</option>
		<option name="YAML_SCALAR_LIST">
			<value>
				<option name="FOREGROUND" value="dd1144" />
			</value>
		</option>
		<option name="YAML_SCALAR_KEY">
			<value>
				<option name="FOREGROUND" value="2e2e2e" />
			</value>
		</option>
		<option name="YAML_COMMENT">
			<value>
				<option name="FOREGROUND" value="888a88" />
			</value>
		</option>
		<option name="XML_TAG_NAME">
			<value>
				<option name="FOREGROUND" value="80" />
			</value>
		</option>
		<option name="XML_NS_PREFIX">
			<value>
				<option name="FOREGROUND" value="108888" />
			</value>
		</option>
		<option name="WRONG_REFERENCES_ATTRIBUTES">
			<value>
				<option name="FOREGROUND" value="ff0000" />
			</value>
		</option>
		<option name="WRITE_SEARCH_RESULT_ATTRIBUTES">
			<value>
				<option name="BACKGROUND" value="ffcdff" />
			</value>
		</option>
		<option name="WRITE_IDENTIFIER_UNDER_CARET_ATTRIBUTES">
			<value>
				<option name="BACKGROUND" value="ffe4ff" />
				<option name="ERROR_STRIPE_COLOR" value="ffcdff" />
			</value>
		</option>
		<option name="WARNING_ATTRIBUTES">
			<value>
				<option name="BACKGROUND" value="f6ebbc" />
				<option name="ERROR_STRIPE_COLOR" value="ffff00" />
				<option name="EFFECT_TYPE" value="1" />
			</value>
		</option>
		<option name="UNMATCHED_BRACE_ATTRIBUTES">
			<value>
				<option name="BACKGROUND" value="ffdcdc" />
			</value>
		</option>
		<option name="TYPO">
			<value>
				<option name="EFFECT_TYPE" value="2" />
				<option name="EFFECT_COLOR" value="8000" />
			</value>
		</option>
		<option name="TS$TYPE_PARAMETER">
			<value>
			</value>
		</option>
		<option name="TODO_DEFAULT_ATTRIBUTES">
			<value>
				<option name="FONT_TYPE" value="3" />
				<option name="FOREGROUND" value="3b73b9" />
				<option name="ERROR_STRIPE_COLOR" value="ff" />
			</value>
		</option>
		<option name="TEXT_SEARCH_RESULT_ATTRIBUTES">
			<value>
				<option name="BACKGROUND" value="ffff00" />
				<option name="ERROR_STRIPE_COLOR" value="ff00" />
			</value>
		</option>
		<option name="TEXT">
			<value>
				<option name="FOREGROUND" value="2e2e2e" />
				<option name="BACKGROUND" value="fefefe" />
			</value>
		</option>
		<option name="TEMPLATE_VARIABLE_ATTRIBUTES">
			<value>
				<option name="FONT_TYPE" value="3" />
				<option name="FOREGROUND" value="7f0000" />
			</value>
		</option>
		<option name="STATIC_FIELD_ATTRIBUTES">
			<value>
				<option name="FONT_TYPE" value="3" />
				<option name="FOREGROUND" value="660e7a" />
			</value>
		</option>
		<option name="SLIM_TAG_START">
			<value>
				<option name="FOREGROUND" value="121289" />
			</value>
		</option>
		<option name="SLIM_TAG_ATTR_KEY">
			<value>
				<option name="FOREGROUND" value="a8585" />
			</value>
		</option>
		<option name="SLIM_TAG">
			<value>
				<option name="FOREGROUND" value="121289" />
			</value>
		</option>
		<option name="SLIM_STRING_INTERPOLATED">
			<value>
				<option name="FOREGROUND" value="dd1144" />
				<option name="BACKGROUND" value="f7e7f1" />
			</value>
		</option>
		<option name="SLIM_RUBY_CODE">
			<value>
				<option name="BACKGROUND" value="f8f8ff" />
			</value>
		</option>
		<option name="SLIM_INTERPOLATION">
			<value>
				<option name="FOREGROUND" value="dd1144" />
				<option name="BACKGROUND" value="f7e7f1" />
			</value>
		</option>
		<option name="SLIM_ID">
			<value>
				<option name="FOREGROUND" value="121289" />
			</value>
		</option>
		<option name="SLIM_FILTER">
			<value>
				<option name="FOREGROUND" value="121289" />
			</value>
		</option>
		<option name="SLIM_DOCTYPE_KWD">
			<value>
				<option name="FOREGROUND" value="121289" />
			</value>
		</option>
		<option name="SLIM_COMMENT">
			<value>
				<option name="FONT_TYPE" value="2" />
				<option name="FOREGROUND" value="999988" />
			</value>
		</option>
		<option name="SLIM_CLASS">
			<value>
				<option name="FOREGROUND" value="121289" />
			</value>
		</option>
		<option name="SEARCH_RESULT_ATTRIBUTES">
			<value>
				<option name="BACKGROUND" value="ccccff" />
			</value>
		</option>
		<option name="SCOPE_KEY_Project Files">
			<value>
			</value>
		</option>
		<option name="SCOPE_KEY_Problems">
			<value>
			</value>
		</option>
		<option name="SCOPE_KEY_Non-Project Files">
			<value>
			</value>
		</option>
		<option name="SCOPE_KEY_All">
			<value>
			</value>
		</option>
		<option name="SASS_MIXIN">
			<value>
				<option name="FONT_TYPE" value="1" />
				<option name="FOREGROUND" value="990000" />
			</value>
		</option>
		<option name="SASS_EXTEND">
			<value>
				<option name="FONT_TYPE" value="1" />
				<option name="FOREGROUND" value="0" />
			</value>
		</option>
		<option name="RUBY_WORDS">
			<value>
				<option name="FOREGROUND" value="dd1144" />
				<option name="BACKGROUND" value="f7e7f1" />
			</value>
		</option>
		<option name="RUBY_SYMBOL">
			<value>
				<option name="FOREGROUND" value="aa2c8c" />
			</value>
		</option>
		<option name="RUBY_STRING">
			<value>
				<option name="FOREGROUND" value="dd1144" />
				<option name="BACKGROUND" value="f7e7f1" />
			</value>
		</option>
		<option name="RUBY_SPECIFIC_CALL">
			<value>
				<option name="FONT_TYPE" value="1" />
				<option name="FOREGROUND" value="0" />
			</value>
		</option>
		<option name="RUBY_REGEXP">
			<value>
				<option name="FOREGROUND" value="9926" />
			</value>
		</option>
		<option name="RUBY_PARAMETER_ID">
			<value>
				<option name="FONT_TYPE" value="2" />
			</value>
		</option>
		<option name="RUBY_PARAMDEF_CALL">
			<value>
				<option name="FOREGROUND" value="86b3" />
			</value>
		</option>
		<option name="RUBY_OPERATION_SIGN">
			<value>
				<option name="FONT_TYPE" value="1" />
				<option name="FOREGROUND" value="0" />
			</value>
		</option>
		<option name="RUBY_NUMBER">
			<value>
				<option name="FOREGROUND" value="9999" />
			</value>
		</option>
		<option name="RUBY_METHOD_NAME">
			<value>
				<option name="FONT_TYPE" value="1" />
				<option name="FOREGROUND" value="990000" />
			</value>
		</option>
		<option name="RUBY_LINE_CONTINUATION">
			<value>
				<option name="FONT_TYPE" value="1" />
				<option name="FOREGROUND" value="0" />
			</value>
		</option>
		<option name="RUBY_KEYWORD">
			<value>
				<option name="FONT_TYPE" value="1" />
				<option name="FOREGROUND" value="0" />
			</value>
		</option>
		<option name="RUBY_IVAR">
			<value>
				<option name="FOREGROUND" value="108888" />
			</value>
		</option>
		<option name="RUBY_INTERPOLATED_STRING">
			<value>
				<option name="FOREGROUND" value="dd1144" />
				<option name="BACKGROUND" value="f7e7f1" />
			</value>
		</option>
		<option name="RUBY_HEREDOC_ID">
			<value>
				<option name="FOREGROUND" value="dd1144" />
				<option name="BACKGROUND" value="f7e7f1" />
			</value>
		</option>
		<option name="RUBY_HEREDOC_CONTENT">
			<value>
				<option name="FOREGROUND" value="dd1144" />
				<option name="BACKGROUND" value="f7e7f1" />
			</value>
		</option>
		<option name="RUBY_HASH_ASSOC">
			<value>
				<option name="FONT_TYPE" value="1" />
				<option name="FOREGROUND" value="0" />
			</value>
		</option>
		<option name="RUBY_GVAR">
			<value>
				<option name="FOREGROUND" value="108888" />
			</value>
		</option>
		<option name="RUBY_EXPR_IN_STRING">
			<value>
				<option name="FOREGROUND" value="dd1144" />
				<option name="BACKGROUND" value="f7e7f1" />
			</value>
		</option>
		<option name="RUBY_CVAR">
			<value>
				<option name="FOREGROUND" value="108888" />
			</value>
		</option>
		<option name="RUBY_CONSTANT_DECLARATION">
			<value>
				<option name="FONT_TYPE" value="1" />
				<option name="FOREGROUND" value="445588" />
			</value>
		</option>
		<option name="RUBY_COMMENT">
			<value>
				<option name="FONT_TYPE" value="2" />
				<option name="FOREGROUND" value="999988" />
			</value>
		</option>
		<option name="RHTML_SCRIPTLET_START_ID">
			<value>
				<option name="FONT_TYPE" value="1" />
				<option name="FOREGROUND" value="999999" />
			</value>
		</option>
		<option name="RHTML_SCRIPTLET_END_ID">
			<value>
				<option name="FONT_TYPE" value="1" />
				<option name="FOREGROUND" value="999999" />
			</value>
		</option>
		<option name="RHTML_SCRIPTING_BACKGROUND_ID">
			<value>
				<option name="BACKGROUND" value="f8f8ff" />
			</value>
		</option>
		<option name="RHTML_OMIT_NEW_LINE_ID">
			<value>
				<option name="FONT_TYPE" value="1" />
				<option name="FOREGROUND" value="999999" />
			</value>
		</option>
		<option name="RHTML_EXPRESSION_START_ID">
			<value>
				<option name="FONT_TYPE" value="1" />
				<option name="FOREGROUND" value="999999" />
			</value>
		</option>
		<option name="RHTML_EXPRESSION_END_ID">
			<value>
				<option name="FONT_TYPE" value="1" />
				<option name="FOREGROUND" value="999999" />
			</value>
		</option>
		<option name="RHTML_COMMENT_ID">
			<value>
				<option name="FOREGROUND" value="dd1144" />
			</value>
		</option>
		<option name="REST$ITALIC">
			<value>
				<option name="FONT_TYPE" value="2" />
			</value>
		</option>
		<option name="REST$INLINE">
			<value>
				<option name="BACKGROUND" value="edfced" />
			</value>
		</option>
		<option name="REST$BOLD">
			<value>
				<option name="FONT_TYPE" value="1" />
			</value>
		</option>
		<option name="PY$STRING">
			<value>
				<option name="FOREGROUND" value="dd1144" />
				<option name="BACKGROUND" value="f7e7f1" />
			</value>
		</option>
		<option name="PY$SELF_PARAMETER">
			<value>
				<option name="FOREGROUND" value="86b3" />
			</value>
		</option>
		<option name="PY$PREDEFINED_DEFINITION">
			<value>
				<option name="FONT_TYPE" value="1" />
				<option name="FOREGROUND" value="1378a7" />
			</value>
		</option>
		<option name="PY$FUNC_DEFINITION">
			<value>
				<option name="FOREGROUND" value="3b73b9" />
			</value>
		</option>
		<option name="PY$DECORATOR">
			<value>
				<option name="FOREGROUND" value="6b4d96" />
			</value>
		</option>
		<option name="PUPPET_VARIABLE_INTERPOLATION">
			<value>
				<option name="FOREGROUND" value="dd1144" />
				<option name="BACKGROUND" value="f7e7f1" />
			</value>
		</option>
		<option name="PUPPET_VARIABLE">
			<value>
				<option name="FOREGROUND" value="108888" />
			</value>
		</option>
		<option name="PUPPET_STRING">
			<value>
				<option name="FOREGROUND" value="dd1144" />
				<option name="BACKGROUND" value="f7e7f1" />
			</value>
		</option>
		<option name="PUPPET_SQ_STRING">
			<value>
				<option name="FOREGROUND" value="dd1144" />
				<option name="BACKGROUND" value="f7e7f1" />
			</value>
		</option>
		<option name="PUPPET_REGEX">
			<value>
				<option name="FOREGROUND" value="9926" />
			</value>
		</option>
		<option name="PUPPET_PARENTH">
			<value>
				<option name="FOREGROUND" value="0" />
			</value>
		</option>
		<option name="PUPPET_OPERATION_SIGN">
			<value>
				<option name="FOREGROUND" value="0" />
			</value>
		</option>
		<option name="PUPPET_NUMBER">
			<value>
				<option name="FOREGROUND" value="9999" />
			</value>
		</option>
		<option name="PUPPET_KEYWORD">
			<value>
				<option name="FONT_TYPE" value="1" />
				<option name="FOREGROUND" value="0" />
			</value>
		</option>
		<option name="PUPPET_CLASS">
			<value>
				<option name="FONT_TYPE" value="1" />
				<option name="FOREGROUND" value="445588" />
			</value>
		</option>
		<option name="PUPPET_BRACES">
			<value>
				<option name="FOREGROUND" value="0" />
			</value>
		</option>
		<option name="PUPPET_BLOCK_COMMENT">
			<value>
				<option name="FOREGROUND" value="dd1144" />
			</value>
		</option>
		<option name="PUPPET_BAD_CHARACTER">
			<value>
				<option name="BACKGROUND" value="ffcccc" />
			</value>
		</option>
		<option name="PROTOCOL_REFERENCE">
			<value>
				<option name="FONT_TYPE" value="1" />
				<option name="FOREGROUND" value="445588" />
			</value>
		</option>
		<option name="PRE$KEYWORD">
			<value>
				<option name="FOREGROUND" value="981351" />
			</value>
		</option>
		<option name="OC_FORMAT_TOKEN">
			<value>
				<option name="FOREGROUND" value="dd1144" />
				<option name="BACKGROUND" value="f7e7f1" />
			</value>
		</option>
		<option name="OC$TYPEDEF">
			<value>
				<option name="FONT_TYPE" value="1" />
				<option name="FOREGROUND" value="0" />
			</value>
		</option>
		<option name="OC$STRUCT_LIKE">
			<value>
				<option name="FOREGROUND" value="6b4d96" />
			</value>
		</option>
		<option name="OC$STRUCT_FIELD">
			<value>
				<option name="FOREGROUND" value="2e2e2e" />
			</value>
		</option>
		<option name="OC$SELFSUPERTHIS">
			<value>
				<option name="FOREGROUND" value="108888" />
			</value>
		</option>
		<option name="OC$PROPERTY">
			<value>
				<option name="FOREGROUND" value="108888" />
			</value>
		</option>
		<option name="OC$PARAMETER">
			<value>
				<option name="FONT_TYPE" value="2" />
			</value>
		</option>
		<option name="OC$NAMESPACE_LIKE">
			<value>
				<option name="FOREGROUND" value="2e2e2e" />
			</value>
		</option>
		<option name="OC$MESSAGE_ARGUMENT">
			<value>
				<option name="FONT_TYPE" value="1" />
				<option name="FOREGROUND" value="990000" />
			</value>
		</option>
		<option name="OC$MACRONAME">
			<value>
				<option name="FONT_TYPE" value="1" />
				<option name="FOREGROUND" value="86b3" />
			</value>
		</option>
		<option name="OC$LOCAL_VARIABLE">
			<value>
				<option name="FOREGROUND" value="2e2e2e" />
			</value>
		</option>
		<option name="OC$LINE_COMMENT">
			<value>
				<option name="FOREGROUND" value="999988" />
			</value>
		</option>
		<option name="OC$LABEL">
			<value>
				<option name="FONT_TYPE" value="1" />
				<option name="FOREGROUND" value="2e2e2e" />
				<option name="BACKGROUND" value="ffffff" />
			</value>
		</option>
		<option name="OC$IVAR">
			<value>
				<option name="FOREGROUND" value="108888" />
			</value>
		</option>
		<option name="OC$GLOBAL_VARIABLE">
			<value>
				<option name="FONT_TYPE" value="2" />
				<option name="FOREGROUND" value="108888" />
			</value>
		</option>
		<option name="OC$FUNCTION">
			<value>
				<option name="FOREGROUND" value="86b3" />
			</value>
		</option>
		<option name="OC$EXTERN_VARIABLE">
			<value>
				<option name="FOREGROUND" value="108888" />
			</value>
		</option>
		<option name="OC$ENUM_CONST">
			<value>
				<option name="FOREGROUND" value="aa2c8c" />
			</value>
		</option>
		<option name="OC$DIRECTIVE">
			<value>
				<option name="FOREGROUND" value="981351" />
			</value>
		</option>
		<option name="OC$CPP_KEYWORD">
			<value>
				<option name="FONT_TYPE" value="1" />
				<option name="FOREGROUND" value="0" />
			</value>
		</option>
		<option name="OC$CONDITIONALLY_NOT_COMPILED">
			<value>
				<option name="FOREGROUND" value="77808b" />
			</value>
		</option>
		<option name="OC$CLASS_REFERENCE">
			<value>
				<option name="FONT_TYPE" value="1" />
				<option name="FOREGROUND" value="445588" />
			</value>
		</option>
		<option name="OC$BLOCK_COMMENT">
			<value>
				<option name="FOREGROUND" value="888a88" />
			</value>
		</option>
		<option name="NOT_USED_ELEMENT_ATTRIBUTES">
			<value>
				<option name="FOREGROUND" value="808080" />
			</value>
		</option>
		<option name="Makefile$TEMPLATE_DATA">
			<value>
				<option name="FOREGROUND" value="3b73b9" />
			</value>
		</option>
		<option name="Makefile$TARGET">
			<value>
				<option name="FONT_TYPE" value="1" />
				<option name="FOREGROUND" value="6b4d96" />
				<option name="EFFECT_TYPE" value="1" />
			</value>
		</option>
		<option name="Makefile$LINE_COMMENT">
			<value>
				<option name="FONT_TYPE" value="2" />
				<option name="FOREGROUND" value="808080" />
			</value>
		</option>
		<option name="Makefile$KEYWORD">
			<value>
				<option name="FONT_TYPE" value="1" />
				<option name="FOREGROUND" value="981351" />
			</value>
		</option>
		<option name="Makefile$DEFINITION">
			<value>
				<option name="BACKGROUND" value="e2ffe2" />
			</value>
		</option>
		<option name="MATCHED_BRACE_ATTRIBUTES">
			<value>
				<option name="BACKGROUND" value="99ccff" />
			</value>
		</option>
		<option name="MAKO$TAG">
			<value>
				<option name="FONT_TYPE" value="1" />
				<option name="FOREGROUND" value="333333" />
			</value>
		</option>
		<option name="LOG_WARNING_OUTPUT">
			<value>
				<option name="FOREGROUND" value="ffa500" />
			</value>
		</option>
		<option name="LOG_EXPIRED_ENTRY">
			<value>
				<option name="FOREGROUND" value="555555" />
			</value>
		</option>
		<option name="LOG_ERROR_OUTPUT">
			<value>
				<option name="FOREGROUND" value="d6420e" />
			</value>
		</option>
		<option name="LIVE_TEMPLATE_ATTRIBUTES">
			<value>
				<option name="EFFECT_COLOR" value="ff0000" />
			</value>
		</option>
		<option name="LINE_PARTIAL_COVERAGE">
			<value>
				<option name="FONT_TYPE" value="1" />
				<option name="FOREGROUND" value="ffffcc" />
			</value>
		</option>
		<option name="LINE_NONE_COVERAGE">
			<value>
				<option name="FONT_TYPE" value="1" />
				<option name="FOREGROUND" value="ffcccc" />
			</value>
		</option>
		<option name="LINE_FULL_COVERAGE">
			<value>
				<option name="FONT_TYPE" value="1" />
				<option name="FOREGROUND" value="ccffcc" />
			</value>
		</option>
		<option name="LESS_VARIABLE">
			<value>
				<option name="FONT_TYPE" value="1" />
				<option name="FOREGROUND" value="333333" />
			</value>
		</option>
		<option name="LESS_INJECTED_CODE">
			<value>
				<option name="BACKGROUND" value="edfced" />
			</value>
		</option>
		<option name="JS$STATIC_MEMBER_FUNCTION">
			<value>
				<option name="FOREGROUND" value="333333" />
			</value>
		</option>
		<option name="JS$REGEXP">
			<value>
				<option name="FOREGROUND" value="9926" />
			</value>
		</option>
		<option name="JS$INSTANCE_MEMBER_FUNCTION">
			<value>
				<option name="FOREGROUND" value="333333" />
			</value>
		</option>
		<option name="JS$GLOBAL_FUNCTION">
			<value>
				<option name="FOREGROUND" value="333333" />
			</value>
		</option>
		<option name="JS$ATTRIBUTE">
			<value>
				<option name="BACKGROUND" value="f7e9e9" />
			</value>
		</option>
		<option name="JAVA_VALID_STRING_ESCAPE">
			<value>
				<option name="FONT_TYPE" value="1" />
				<option name="FOREGROUND" value="80" />
			</value>
		</option>
		<option name="JAVA_STRING">
			<value>
				<option name="FOREGROUND" value="dd1144" />
				<option name="BACKGROUND" value="f7e7f1" />
			</value>
		</option>
		<option name="JAVA_OPERATION_SIGN">
			<value>
				<option name="FONT_TYPE" value="1" />
				<option name="FOREGROUND" value="0" />
			</value>
		</option>
		<option name="JAVA_NUMBER">
			<value>
				<option name="FOREGROUND" value="9999" />
			</value>
		</option>
		<option name="JAVA_LINE_COMMENT">
			<value>
				<option name="FONT_TYPE" value="2" />
				<option name="FOREGROUND" value="999988" />
			</value>
		</option>
		<option name="JAVA_KEYWORD">
			<value>
				<option name="FONT_TYPE" value="1" />
				<option name="FOREGROUND" value="0" />
			</value>
		</option>
		<option name="JAVA_INVALID_STRING_ESCAPE">
			<value>
				<option name="FOREGROUND" value="8000" />
				<option name="BACKGROUND" value="ffcccc" />
			</value>
		</option>
		<option name="JAVA_DOC_TAG">
			<value>
				<option name="FONT_TYPE" value="1" />
				<option name="EFFECT_TYPE" value="1" />
				<option name="EFFECT_COLOR" value="808080" />
			</value>
		</option>
		<option name="JAVA_DOC_MARKUP">
			<value>
				<option name="BACKGROUND" value="e2ffe2" />
			</value>
		</option>
		<option name="JAVA_DOC_COMMENT">
			<value>
				<option name="FONT_TYPE" value="2" />
				<option name="FOREGROUND" value="999988" />
			</value>
		</option>
		<option name="JAVA_BLOCK_COMMENT">
			<value>
				<option name="FOREGROUND" value="dd1144" />
			</value>
		</option>
		<option name="INJECTED_LANGUAGE_FRAGMENT">
			<value>
				<option name="BACKGROUND" value="edfced" />
			</value>
		</option>
		<option name="INFO_ATTRIBUTES">
			<value>
				<option name="ERROR_STRIPE_COLOR" value="ffffcc" />
				<option name="EFFECT_TYPE" value="2" />
				<option name="EFFECT_COLOR" value="cccccc" />
			</value>
		</option>
		<option name="IGNORE$VALUE">
			<value>
				<option name="FOREGROUND" value="2e2e2e" />
			</value>
		</option>
		<option name="IGNORE$SLASH">
			<value>
				<option name="FONT_TYPE" value="1" />
				<option name="FOREGROUND" value="d6420e" />
			</value>
		</option>
		<option name="IGNORE$SECTION">
			<value>
				<option name="FOREGROUND" value="3b73b9" />
			</value>
		</option>
		<option name="IGNORE$NEGATION">
			<value>
				<option name="FONT_TYPE" value="1" />
				<option name="FOREGROUND" value="981351" />
			</value>
		</option>
		<option name="IGNORE$HEADER">
			<value>
				<option name="FONT_TYPE" value="1" />
				<option name="FOREGROUND" value="3b73b9" />
				<option name="EFFECT_TYPE" value="1" />
			</value>
		</option>
		<option name="IDENTIFIER_UNDER_CARET_ATTRIBUTES">
			<value>
				<option name="BACKGROUND" value="e4e4ff" />
				<option name="ERROR_STRIPE_COLOR" value="ccccff" />
			</value>
		</option>
		<option name="HYPERLINK_ATTRIBUTES">
			<value>
				<option name="FONT_TYPE" value="2" />
				<option name="FOREGROUND" value="ff" />
				<option name="EFFECT_TYPE" value="1" />
				<option name="EFFECT_COLOR" value="ff" />
			</value>
		</option>
		<option name="HTML_TAG_NAME">
			<value>
				<option name="FOREGROUND" value="121289" />
			</value>
		</option>
		<option name="HAML_STRING">
			<value>
				<option name="FOREGROUND" value="dd1144" />
				<option name="BACKGROUND" value="f7e7f1" />
			</value>
		</option>
		<option name="HAML_RUBY_CODE">
			<value>
				<option name="BACKGROUND" value="f8f8ff" />
			</value>
		</option>
		<option name="HAML_ID">
			<value>
				<option name="FOREGROUND" value="121289" />
			</value>
		</option>
		<option name="HAML_COMMENT">
			<value>
				<option name="FONT_TYPE" value="2" />
				<option name="FOREGROUND" value="999988" />
			</value>
		</option>
		<option name="GHERKIN_TAG">
			<value>
				<option name="FONT_TYPE" value="1" />
				<option name="FOREGROUND" value="0" />
			</value>
		</option>
		<option name="GHERKIN_TABLE_PIPE">
			<value>
				<option name="FONT_TYPE" value="1" />
				<option name="FOREGROUND" value="0" />
			</value>
		</option>
		<option name="GHERKIN_TABLE_HEADER_CELL">
			<value>
				<option name="FOREGROUND" value="108888" />
			</value>
		</option>
		<option name="GHERKIN_REGEXP_PARAMETER">
			<value>
				<option name="FOREGROUND" value="dd1144" />
				<option name="BACKGROUND" value="f7e7f1" />
			</value>
		</option>
		<option name="GHERKIN_PYSTRING">
			<value>
				<option name="FOREGROUND" value="dd1144" />
				<option name="BACKGROUND" value="f7e7f1" />
			</value>
		</option>
		<option name="GHERKIN_OUTLINE_PARAMETER_SUBSTITUTION">
			<value>
				<option name="FOREGROUND" value="108888" />
			</value>
		</option>
		<option name="GHERKIN_KEYWORD">
			<value>
				<option name="FONT_TYPE" value="1" />
				<option name="FOREGROUND" value="0" />
			</value>
		</option>
		<option name="GHERKIN_COMMENT">
			<value>
				<option name="FONT_TYPE" value="2" />
				<option name="FOREGROUND" value="999988" />
			</value>
		</option>
		<option name="GENERIC_SERVER_ERROR_OR_WARNING">
			<value>
				<option name="ERROR_STRIPE_COLOR" value="f49810" />
				<option name="EFFECT_TYPE" value="2" />
				<option name="EFFECT_COLOR" value="f49810" />
			</value>
		</option>
		<option name="First symbol in list">
			<value>
				<option name="FONT_TYPE" value="1" />
			</value>
		</option>
		<option name="FOLLOWED_HYPERLINK_ATTRIBUTES">
			<value>
				<option name="FONT_TYPE" value="2" />
				<option name="FOREGROUND" value="ff" />
				<option name="BACKGROUND" value="e9e9e9" />
				<option name="EFFECT_TYPE" value="1" />
				<option name="EFFECT_COLOR" value="ff" />
			</value>
		</option>
		<option name="FOLDED_TEXT_ATTRIBUTES">
			<value>
				<option name="FONT_TYPE" value="1" />
				<option name="FOREGROUND" value="c3c3c3" />
				<option name="BACKGROUND" value="f0f0f0" />
				<option name="EFFECT_TYPE" value="1" />
			</value>
		</option>
		<option name="EXECUTIONPOINT_ATTRIBUTES">
			<value>
				<option name="FOREGROUND" value="ffffff" />
				<option name="BACKGROUND" value="ff" />
			</value>
		</option>
		<option name="ERRORS_ATTRIBUTES">
			<value>
				<option name="ERROR_STRIPE_COLOR" value="ff0000" />
				<option name="EFFECT_TYPE" value="2" />
				<option name="EFFECT_COLOR" value="ff0000" />
			</value>
		</option>
		<option name="DUPLICATE_FROM_SERVER">
			<value>
				<option name="BACKGROUND" value="f5f7f0" />
			</value>
		</option>
		<option name="DJANGO_TAG_START_END">
			<value>
				<option name="FOREGROUND" value="3b73b9" />
			</value>
		</option>
		<option name="DJANGO_TAG_NAME">
			<value>
				<option name="FONT_TYPE" value="1" />
				<option name="FOREGROUND" value="6b4d96" />
			</value>
		</option>
		<option name="DJANGO_ID">
			<value>
				<option name="FOREGROUND" value="2e2e2e" />
			</value>
		</option>
		<option name="DJANGO_FILTER">
			<value>
				<option name="FONT_TYPE" value="1" />
				<option name="FOREGROUND" value="d6420e" />
			</value>
		</option>
		<option name="DIFF_MODIFIED">
			<value>
				<option name="BACKGROUND" value="bccff9" />
				<option name="ERROR_STRIPE_COLOR" value="99ccff" />
			</value>
		</option>
		<option name="DIFF_INSERTED">
			<value>
				<option name="BACKGROUND" value="e5ffe5" />
				<option name="ERROR_STRIPE_COLOR" value="99ff99" />
			</value>
		</option>
		<option name="DIFF_DELETED">
			<value>
				<option name="BACKGROUND" value="e1e1e1" />
				<option name="ERROR_STRIPE_COLOR" value="747474" />
			</value>
		</option>
		<option name="DIFF_CONFLICT">
			<value>
				<option name="BACKGROUND" value="fde7e7" />
				<option name="ERROR_STRIPE_COLOR" value="ff6647" />
			</value>
		</option>
		<option name="DEPRECATED_ATTRIBUTES">
			<value>
				<option name="EFFECT_TYPE" value="3" />
				<option name="EFFECT_COLOR" value="404040" />
			</value>
		</option>
		<option name="DELETED_TEXT_ATTRIBUTES">
			<value>
				<option name="FOREGROUND" value="c3c3c3" />
				<option name="BACKGROUND" value="f0f0f0" />
				<option name="EFFECT_TYPE" value="1" />
			</value>
		</option>
		<option name="DEFAULT_VALID_STRING_ESCAPE">
			<value>
				<option name="FOREGROUND" value="1378a7" />
			</value>
		</option>
		<option name="DEFAULT_TAG">
			<value>
				<option name="FOREGROUND" value="121289" />
			</value>
		</option>
		<option name="DEFAULT_STRING">
			<value>
				<option name="FOREGROUND" value="d6420e" />
			</value>
		</option>
		<option name="DEFAULT_STATIC_METHOD">
			<value>
				<option name="FONT_TYPE" value="2" />
				<option name="FOREGROUND" value="6b4d96" />
			</value>
		</option>
		<option name="DEFAULT_STATIC_FIELD">
			<value>
				<option name="FONT_TYPE" value="2" />
			</value>
		</option>
		<option name="DEFAULT_SEMICOLON">
			<value>
			</value>
		</option>
		<option name="DEFAULT_PREDEFINED_SYMBOL">
			<value>
				<option name="FOREGROUND" value="86b3" />
			</value>
		</option>
		<option name="DEFAULT_PARENTHS">
			<value>
			</value>
		</option>
		<option name="DEFAULT_OPERATION_SIGN">
			<value>
				<option name="FOREGROUND" value="981351" />
			</value>
		</option>
		<option name="DEFAULT_NUMBER">
			<value>
				<option name="FOREGROUND" value="1378a7" />
			</value>
		</option>
		<option name="DEFAULT_METADATA">
			<value>
				<option name="FOREGROUND" value="6b4d96" />
			</value>
		</option>
		<option name="DEFAULT_LOCAL_VARIABLE">
			<value>
				<option name="FOREGROUND" value="108888" />
			</value>
		</option>
		<option name="DEFAULT_LINE_COMMENT">
			<value>
				<option name="FOREGROUND" value="888a88" />
			</value>
		</option>
		<option name="DEFAULT_LABEL">
			<value>
				<option name="FONT_TYPE" value="1" />
				<option name="FOREGROUND" value="333333" />
			</value>
		</option>
		<option name="DEFAULT_KEYWORD">
			<value>
				<option name="FONT_TYPE" value="1" />
				<option name="FOREGROUND" value="981351" />
			</value>
		</option>
		<option name="DEFAULT_INVALID_STRING_ESCAPE">
			<value>
				<option name="FOREGROUND" value="d6420e" />
				<option name="BACKGROUND" value="ffcccc" />
			</value>
		</option>
		<option name="DEFAULT_INTERFACE_NAME">
			<value>
				<option name="FOREGROUND" value="6b4d96" />
			</value>
		</option>
		<option name="DEFAULT_INSTANCE_METHOD">
			<value>
				<option name="FOREGROUND" value="6b4d96" />
			</value>
		</option>
		<option name="DEFAULT_GLOBAL_VARIABLE">
			<value>
				<option name="FONT_TYPE" value="2" />
				<option name="FOREGROUND" value="108888" />
			</value>
		</option>
		<option name="DEFAULT_FUNCTION_DECLARATION">
			<value>
				<option name="FOREGROUND" value="6b4d96" />
			</value>
		</option>
		<option name="DEFAULT_ENTITY">
			<value>
				<option name="FOREGROUND" value="800080" />
			</value>
		</option>
		<option name="DEFAULT_DOT">
			<value>
			</value>
		</option>
		<option name="DEFAULT_DOC_MARKUP">
			<value>
				<option name="FOREGROUND" value="d6420e" />
			</value>
		</option>
		<option name="DEFAULT_DOC_COMMENT_TAG">
			<value>
				<option name="FONT_TYPE" value="1" />
				<option name="FOREGROUND" value="d6420e" />
				<option name="EFFECT_TYPE" value="1" />
			</value>
		</option>
		<option name="DEFAULT_DOC_COMMENT">
			<value>
				<option name="FOREGROUND" value="d6420e" />
			</value>
		</option>
		<option name="DEFAULT_COMMA">
			<value>
			</value>
		</option>
		<option name="DEFAULT_CLASS_NAME">
			<value>
				<option name="FONT_TYPE" value="1" />
				<option name="FOREGROUND" value="6b4d96" />
			</value>
		</option>
		<option name="DEFAULT_BRACKETS">
			<value>
			</value>
		</option>
		<option name="DEFAULT_BRACES">
			<value>
			</value>
		</option>
		<option name="DEFAULT_BLOCK_COMMENT">
			<value>
				<option name="FOREGROUND" value="888a88" />
			</value>
		</option>
		<option name="DEFAULT_ATTRIBUTE">
			<value>
				<option name="FOREGROUND" value="a8585" />
			</value>
		</option>
		<option name="Clojure Strings">
			<value>
				<option name="FOREGROUND" value="dd1144" />
				<option name="BACKGROUND" value="f7e7f1" />
			</value>
		</option>
		<option name="Clojure Numbers">
			<value>
				<option name="FOREGROUND" value="9999" />
			</value>
		</option>
		<option name="Clojure Literal">
			<value>
				<option name="FOREGROUND" value="108888" />
			</value>
		</option>
		<option name="Clojure Line comment">
			<value>
				<option name="FONT_TYPE" value="2" />
				<option name="FOREGROUND" value="999988" />
			</value>
		</option>
		<option name="Clojure Character">
			<value>
				<option name="FOREGROUND" value="dd1144" />
				<option name="BACKGROUND" value="f7e7f1" />
			</value>
		</option>
		<option name="Clojure Atom">
			<value>
				<option name="FONT_TYPE" value="1" />
				<option name="FOREGROUND" value="0" />
			</value>
		</option>
		<option name="CUSTOM_VALID_STRING_ESCAPE_ATTRIBUTES">
			<value>
				<option name="FONT_TYPE" value="1" />
				<option name="FOREGROUND" value="80" />
			</value>
		</option>
		<option name="CUSTOM_STRING_ATTRIBUTES">
			<value>
				<option name="FONT_TYPE" value="1" />
				<option name="FOREGROUND" value="d6420e" />
			</value>
		</option>
		<option name="CUSTOM_NUMBER_ATTRIBUTES">
			<value>
				<option name="FOREGROUND" value="1378a7" />
			</value>
		</option>
		<option name="CUSTOM_MULTI_LINE_COMMENT_ATTRIBUTES">
			<value>
				<option name="FONT_TYPE" value="2" />
				<option name="FOREGROUND" value="999988" />
			</value>
		</option>
		<option name="CUSTOM_LINE_COMMENT_ATTRIBUTES">
			<value>
				<option name="FONT_TYPE" value="2" />
				<option name="FOREGROUND" value="999988" />
			</value>
		</option>
		<option name="CUSTOM_KEYWORD4_ATTRIBUTES">
			<value>
				<option name="FOREGROUND" value="660000" />
			</value>
		</option>
		<option name="CUSTOM_KEYWORD3_ATTRIBUTES">
			<value>
				<option name="FOREGROUND" value="6666" />
			</value>
		</option>
		<option name="CUSTOM_KEYWORD2_ATTRIBUTES">
			<value>
				<option name="FOREGROUND" value="660e7a" />
			</value>
		</option>
		<option name="CUSTOM_KEYWORD1_ATTRIBUTES">
			<value>
				<option name="FOREGROUND" value="981351" />
			</value>
		</option>
		<option name="CUSTOM_INVALID_STRING_ESCAPE_ATTRIBUTES">
			<value>
				<option name="FOREGROUND" value="8000" />
				<option name="BACKGROUND" value="ffcccc" />
			</value>
		</option>
		<option name="CTRL_CLICKABLE">
			<value>
				<option name="FOREGROUND" value="ff" />
				<option name="EFFECT_TYPE" value="1" />
				<option name="EFFECT_COLOR" value="ff" />
			</value>
		</option>
		<option name="CSS$PROPERTY_VALUE">
			<value>
				<option name="FOREGROUND" value="9999" />
			</value>
		</option>
		<option name="CSS$HASH">
			<value>
				<option name="FONT_TYPE" value="1" />
				<option name="FOREGROUND" value="990000" />
			</value>
		</option>
		<option name="CPP$UNUSED">
			<value>
				<option name="FOREGROUND" value="404040" />
				<option name="EFFECT_TYPE" value="3" />
			</value>
		</option>
		<option name="CPP$TYPE">
			<value>
				<option name="FOREGROUND" value="7c00" />
			</value>
		</option>
		<option name="CPP$STRING">
			<value>
				<option name="FOREGROUND" value="d6420e" />
			</value>
		</option>
		<option name="CPP$STATIC_FUNCTION">
			<value>
				<option name="FONT_TYPE" value="2" />
				<option name="FOREGROUND" value="3b73b9" />
			</value>
		</option>
		<option name="CPP$STATIC">
			<value>
				<option name="FONT_TYPE" value="2" />
				<option name="FOREGROUND" value="0" />
				<option name="EFFECT_TYPE" value="4" />
			</value>
		</option>
		<option name="CPP$SEMICOLON">
			<value>
			</value>
		</option>
		<option name="CPP$PP_SKIPPED">
			<value>
				<option name="FONT_TYPE" value="2" />
				<option name="FOREGROUND" value="808080" />
			</value>
		</option>
		<option name="CPP$PP_ARG">
			<value>
				<option name="FOREGROUND" value="800000" />
			</value>
		</option>
		<option name="CPP$PARENTHS">
			<value>
			</value>
		</option>
		<option name="CPP$PARAMETER">
			<value>
				<option name="FONT_TYPE" value="2" />
				<option name="EFFECT_TYPE" value="1" />
			</value>
		</option>
		<option name="CPP$OPERATION_SIGN">
			<value>
			</value>
		</option>
		<option name="CPP$NUMBER">
			<value>
				<option name="FOREGROUND" value="1378a7" />
			</value>
		</option>
		<option name="CPP$NAMESPACE">
			<value>
				<option name="FOREGROUND" value="900090" />
			</value>
		</option>
		<option name="CPP$METHOD">
			<value>
				<option name="FOREGROUND" value="3b73b9" />
			</value>
		</option>
		<option name="CPP$MACROS">
			<value>
				<option name="FOREGROUND" value="6b4d96" />
			</value>
		</option>
		<option name="CPP$LINE_COMMENT">
			<value>
				<option name="FONT_TYPE" value="2" />
				<option name="FOREGROUND" value="808080" />
			</value>
		</option>
		<option name="CPP$LABEL">
			<value>
				<option name="FONT_TYPE" value="1" />
				<option name="FOREGROUND" value="0" />
				<option name="BACKGROUND" value="fde7e7" />
			</value>
		</option>
		<option name="CPP$KEYWORD">
			<value>
				<option name="FONT_TYPE" value="1" />
				<option name="FOREGROUND" value="981351" />
			</value>
		</option>
		<option name="CPP$FUNCTION">
			<value>
				<option name="FOREGROUND" value="3b73b9" />
			</value>
		</option>
		<option name="CPP$FIELD">
			<value>
				<option name="FONT_TYPE" value="2" />
			</value>
		</option>
		<option name="CPP$DOT">
			<value>
			</value>
		</option>
		<option name="CPP$CONSTANT">
			<value>
				<option name="FONT_TYPE" value="2" />
				<option name="FOREGROUND" value="3b73b9" />
			</value>
		</option>
		<option name="CPP$COMMA">
			<value>
			</value>
		</option>
		<option name="CPP$BRACKETS">
			<value>
			</value>
		</option>
		<option name="CPP$BRACES">
			<value>
			</value>
		</option>
		<option name="CPP$BLOCK_COMMENT">
			<value>
				<option name="FONT_TYPE" value="2" />
				<option name="FOREGROUND" value="808080" />
			</value>
		</option>
		<option name="CONSOLE_YELLOW_OUTPUT">
			<value>
				<option name="FOREGROUND" value="ffcc00" />
			</value>
		</option>
		<option name="CONSOLE_WHITE_OUTPUT">
			<value>
				<option name="FOREGROUND" value="ffffff" />
			</value>
		</option>
		<option name="CONSOLE_USER_INPUT">
			<value>
				<option name="FONT_TYPE" value="2" />
				<option name="FOREGROUND" value="7f00" />
			</value>
		</option>
		<option name="CONSOLE_SYSTEM_OUTPUT">
			<value>
				<option name="FOREGROUND" value="2e2e2e" />
			</value>
		</option>
		<option name="CONSOLE_RED_OUTPUT">
			<value>
				<option name="FOREGROUND" value="d6420e" />
			</value>
		</option>
		<option name="CONSOLE_RANGE_TO_EXECUTE">
			<value>
				<option name="BACKGROUND" value="e5fafc" />
			</value>
		</option>
		<option name="CONSOLE_NORMAL_OUTPUT">
			<value>
				<option name="FOREGROUND" value="0" />
			</value>
		</option>
		<option name="CONSOLE_MAGENTA_OUTPUT">
			<value>
				<option name="FOREGROUND" value="6b4d96" />
			</value>
		</option>
		<option name="CONSOLE_MAGENTA_BRIGHT_OUTPUT">
			<value>
				<option name="FOREGROUND" value="981351" />
			</value>
		</option>
		<option name="CONSOLE_GREEN_OUTPUT">
			<value>
				<option name="FOREGROUND" value="8000" />
			</value>
		</option>
		<option name="CONSOLE_GRAY_OUTPUT">
			<value>
				<option name="FOREGROUND" value="595959" />
			</value>
		</option>
		<option name="CONSOLE_ERROR_OUTPUT">
			<value>
				<option name="FOREGROUND" value="7f0000" />
			</value>
		</option>
		<option name="CONSOLE_CYAN_OUTPUT">
			<value>
				<option name="FOREGROUND" value="29afad" />
			</value>
		</option>
		<option name="CONSOLE_BLUE_OUTPUT">
			<value>
				<option name="FOREGROUND" value="1e3473" />
			</value>
		</option>
		<option name="CONSOLE_BLACK_OUTPUT">
			<value>
				<option name="FOREGROUND" value="2e2e2e" />
			</value>
		</option>
		<option name="COFFEESCRIPT$THIS">
			<value>
				<option name="FOREGROUND" value="108888" />
			</value>
		</option>
		<option name="COFFEESCRIPT$REGULAR_EXPRESSION_ID">
			<value>
				<option name="FOREGROUND" value="9926" />
			</value>
		</option>
		<option name="COFFEESCRIPT$REGULAR_EXPRESSION_FLAG">
			<value>
				<option name="FOREGROUND" value="9926" />
			</value>
		</option>
		<option name="COFFEESCRIPT$REGULAR_EXPRESSION_CONTENT">
			<value>
				<option name="FOREGROUND" value="9926" />
			</value>
		</option>
		<option name="COFFEESCRIPT$HEREGEX_ID">
			<value>
				<option name="FOREGROUND" value="d6420e" />
			</value>
		</option>
		<option name="COFFEESCRIPT$HEREGEX_CONTENT">
			<value>
				<option name="FOREGROUND" value="9926" />
			</value>
		</option>
		<option name="C$KEYWORD">
			<value>
				<option name="FONT_TYPE" value="1" />
				<option name="FOREGROUND" value="981351" />
			</value>
		</option>
		<option name="BREAKPOINT_ATTRIBUTES">
			<value>
				<option name="BACKGROUND" value="ffc8c8" />
			</value>
		</option>
		<option name="BOOKMARKS_ATTRIBUTES">
			<value>
				<option name="ERROR_STRIPE_COLOR" value="0" />
			</value>
		</option>
		<option name="BAD_CHARACTER">
			<value>
				<option name="BACKGROUND" value="ffcccc" />
			</value>
		</option>
	</attributes>
</scheme>